FileName,Idx,Type,Time,Lat,Long,Elev,Desc
new-track-11717-32746-pm.gpx,0,TrackPoint,2017-11-07 21:28:22,30.476137,-90.988052,-12.0,
new-track-11717-32746-pm.gpx,1,TrackPoint,2017-11-07 21:28:34,30.476176,-90.98812,-18.0,
new-track-11717-32746-pm.gpx,2,TrackPoint,2017-11-07 21:28:40,30.476153,-90.988111,-19.0,
new-track-11717-32746-pm.gpx,3,TrackPoint,2017-11-07 21:29:00,30.476134,-90.988133,-23.0,
new-track-11717-32746-pm.gpx,4,TrackPoint,2017-11-07 21:29:15,30.476117,-90.98811,-16.0,
new-track-11717-32746-pm.gpx,5,TrackPoint,2017-11-07 21:31:05,30.476094,-90.98816,-4.0,
new-track-11717-32746-pm.gpx,6,TrackPoint,2017-11-07 21:31:22,30.476077,-90.988137,-4.0,
new-track-11717-32746-pm.gpx,7,TrackPoint,2017-11-07 21:31:55,30.476118,-90.988104,-8.0,
new-track-11717-32746-pm.gpx,8,TrackPoint,2017-11-07 21:31:59,30.476148,-90.988101,-7.0,
new-track-11717-32746-pm.gpx,9,TrackPoint,2017-11-07 21:32:08,30.476264,-90.988184,-8.0,
new-track-11717-32746-pm.gpx,10,TrackPoint,2017-11-07 21:32:19,30.476299,-90.988243,-6.0,
new-track-11717-32746-pm.gpx,11,TrackPoint,2017-11-07 21:32:26,30.476374,-90.988248,-8.0,
new-track-11717-32746-pm.gpx,12,TrackPoint,2017-11-07 21:32:37,30.476474,-90.988324,-12.0,
new-track-11717-32746-pm.gpx,13,TrackPoint,2017-11-07 21:32:42,30.476494,-90.988375,-10.0,
new-track-11717-32746-pm.gpx,14,TrackPoint,2017-11-07 21:32:49,30.476538,-90.988429,-14.0,
new-track-11717-32746-pm.gpx,15,TrackPoint,2017-11-07 21:32:55,30.476543,-90.988529,-15.0,
new-track-11717-32746-pm.gpx,16,TrackPoint,2017-11-07 21:33:00,30.476576,-90.988557,-14.0,
new-track-11717-32746-pm.gpx,17,TrackPoint,2017-11-07 21:33:06,30.476593,-90.988608,-16.0,
new-track-11717-32746-pm.gpx,18,TrackPoint,2017-11-07 21:33:12,30.476636,-90.988625,-18.0,
new-track-11717-32746-pm.gpx,19,TrackPoint,2017-11-07 21:33:15,30.476701,-90.988635,-19.0,
new-track-11717-32746-pm.gpx,20,TrackPoint,2017-11-07 21:33:16,30.476729,-90.988632,-19.0,
new-track-11717-32746-pm.gpx,21,TrackPoint,2017-11-07 21:33:23,30.476854,-90.988636,-19.0,
new-track-11717-32746-pm.gpx,22,TrackPoint,2017-11-07 21:33:33,30.476873,-90.988774,-19.0,
new-track-11717-32746-pm.gpx,23,TrackPoint,2017-11-07 21:33:39,30.476807,-90.988831,-21.0,
new-track-11717-32746-pm.gpx,24,TrackPoint,2017-11-07 21:33:45,30.476796,-90.988928,-22.0,
new-track-11717-32746-pm.gpx,25,TrackPoint,2017-11-07 21:33:57,30.476806,-90.989063,-22.0,
new-track-11717-32746-pm.gpx,26,TrackPoint,2017-11-07 21:34:08,30.476778,-90.989212,-18.0,
new-track-11717-32746-pm.gpx,27,TrackPoint,2017-11-07 21:34:14,30.476745,-90.989284,-18.0,
new-track-11717-32746-pm.gpx,28,TrackPoint,2017-11-07 21:34:24,30.476678,-90.989299,-17.0,
new-track-11717-32746-pm.gpx,29,TrackPoint,2017-11-07 21:34:29,30.476626,-90.989369,-11.0,
new-track-11717-32746-pm.gpx,30,TrackPoint,2017-11-07 21:34:31,30.476618,-90.989422,-11.0,
new-track-11717-32746-pm.gpx,31,TrackPoint,2017-11-07 21:34:37,30.476632,-90.989494,-16.0,
new-track-11717-32746-pm.gpx,32,TrackPoint,2017-11-07 21:34:42,30.476651,-90.989509,-14.0,
new-track-11717-32746-pm.gpx,33,TrackPoint,2017-11-07 21:35:09,30.476612,-90.989546,-10.0,
new-track-11717-32746-pm.gpx,34,TrackPoint,2017-11-07 21:35:10,30.476614,-90.989572,-13.0,
new-track-11717-32746-pm.gpx,35,TrackPoint,2017-11-07 21:35:15,30.476681,-90.989666,-12.0,
new-track-11717-32746-pm.gpx,36,TrackPoint,2017-11-07 21:35:26,30.476735,-90.989785,-13.0,
new-track-11717-32746-pm.gpx,37,TrackPoint,2017-11-07 21:35:28,30.476754,-90.989796,-13.0,
new-track-11717-32746-pm.gpx,38,TrackPoint,2017-11-07 21:35:33,30.4768,-90.989802,-11.0,
new-track-11717-32746-pm.gpx,39,TrackPoint,2017-11-07 21:35:37,30.476859,-90.989835,-10.0,
new-track-11717-32746-pm.gpx,40,TrackPoint,2017-11-07 21:35:41,30.476934,-90.98991,-10.0,
new-track-11717-32746-pm.gpx,41,TrackPoint,2017-11-07 21:35:42,30.476942,-90.989924,-10.0,
new-track-11717-32746-pm.gpx,42,TrackPoint,2017-11-07 21:35:46,30.476953,-90.989977,-8.0,
new-track-11717-32746-pm.gpx,43,TrackPoint,2017-11-07 21:35:46,30.47697,-90.989986,-10.0,
new-track-11717-32746-pm.gpx,44,TrackPoint,2017-11-07 21:35:51,30.47695,-90.990002,-10.0,
new-track-11717-32746-pm.gpx,45,TrackPoint,2017-11-07 21:35:56,30.476937,-90.99006,-10.0,
new-track-11717-32746-pm.gpx,46,TrackPoint,2017-11-07 21:35:59,30.476957,-90.990103,-10.0,
new-track-11717-32746-pm.gpx,47,TrackPoint,2017-11-07 21:36:05,30.477003,-90.990132,-10.0,
new-track-11717-32746-pm.gpx,48,TrackPoint,2017-11-07 21:36:09,30.47702,-90.990183,-10.0,
new-track-11717-32746-pm.gpx,49,TrackPoint,2017-11-07 21:36:13,30.477006,-90.990215,-10.0,
new-track-11717-32746-pm.gpx,50,TrackPoint,2017-11-07 21:36:21,30.477005,-90.990246,-8.0,
new-track-11717-32746-pm.gpx,51,TrackPoint,2017-11-07 21:36:46,30.476972,-90.990313,-11.0,
new-track-11717-32746-pm.gpx,52,TrackPoint,2017-11-07 21:36:51,30.476909,-90.990359,-11.0,
new-track-11717-32746-pm.gpx,53,TrackPoint,2017-11-07 21:36:59,30.47688,-90.99042,-15.0,
new-track-11717-32746-pm.gpx,54,TrackPoint,2017-11-07 21:37:03,30.476841,-90.990463,-14.0,
new-track-11717-32746-pm.gpx,55,TrackPoint,2017-11-07 21:37:11,30.476726,-90.990419,-8.0,
new-track-11717-32746-pm.gpx,56,TrackPoint,2017-11-07 21:37:15,30.476682,-90.99043,-8.0,
new-track-11717-32746-pm.gpx,57,TrackPoint,2017-11-07 21:37:19,30.476617,-90.990467,-8.0,
new-track-11717-32746-pm.gpx,58,TrackPoint,2017-11-07 21:37:23,30.476561,-90.990469,-8.0,
new-track-11717-32746-pm.gpx,59,TrackPoint,2017-11-07 21:37:29,30.476503,-90.990497,-8.0,
new-track-11717-32746-pm.gpx,60,TrackPoint,2017-11-07 21:37:39,30.476401,-90.990502,-9.0,
new-track-11717-32746-pm.gpx,61,TrackPoint,2017-11-07 21:37:43,30.476372,-90.990519,-9.0,
new-track-11717-32746-pm.gpx,62,TrackPoint,2017-11-07 21:37:56,30.47626,-90.990518,-10.0,
new-track-11717-32746-pm.gpx,63,TrackPoint,2017-11-07 21:38:02,30.476185,-90.990566,-5.0,
new-track-11717-32746-pm.gpx,64,TrackPoint,2017-11-07 21:38:04,30.476152,-90.990604,-6.0,
new-track-11717-32746-pm.gpx,65,TrackPoint,2017-11-07 21:38:09,30.476096,-90.990616,-3.0,
new-track-11717-32746-pm.gpx,66,TrackPoint,2017-11-07 21:38:16,30.476029,-90.990594,-4.0,
new-track-11717-32746-pm.gpx,67,TrackPoint,2017-11-07 21:38:18,30.475997,-90.990612,-5.0,
new-track-11717-32746-pm.gpx,68,TrackPoint,2017-11-07 21:38:22,30.475953,-90.990655,-3.0,
new-track-11717-32746-pm.gpx,69,TrackPoint,2017-11-07 21:38:31,30.475836,-90.990683,-3.0,
new-track-11717-32746-pm.gpx,70,TrackPoint,2017-11-07 21:38:34,30.475787,-90.990685,-6.0,
new-track-11717-32746-pm.gpx,71,TrackPoint,2017-11-07 21:38:39,30.475748,-90.990671,-6.0,
new-track-11717-32746-pm.gpx,72,TrackPoint,2017-11-07 21:38:52,30.475743,-90.990616,-10.0,
new-track-11717-32746-pm.gpx,73,TrackPoint,2017-11-07 21:38:59,30.475691,-90.990566,-7.0,
new-track-11717-32746-pm.gpx,74,TrackPoint,2017-11-07 21:39:04,30.475643,-90.990562,-2.0,
new-track-11717-32746-pm.gpx,75,TrackPoint,2017-11-07 21:39:13,30.475602,-90.990432,-4.0,
new-track-11717-32746-pm.gpx,76,TrackPoint,2017-11-07 21:39:18,30.475591,-90.990343,-7.0,
new-track-11717-32746-pm.gpx,77,TrackPoint,2017-11-07 21:39:24,30.475557,-90.990304,-9.0,
new-track-11717-32746-pm.gpx,78,TrackPoint,2017-11-07 21:39:25,30.475551,-90.990293,-10.0,
new-track-11717-32746-pm.gpx,79,TrackPoint,2017-11-07 21:39:30,30.475524,-90.99026,-8.0,
new-track-11717-32746-pm.gpx,80,TrackPoint,2017-11-07 21:39:37,30.475457,-90.990252,-6.0,
new-track-11717-32746-pm.gpx,81,TrackPoint,2017-11-07 21:39:42,30.475411,-90.990301,-1.0,
new-track-11717-32746-pm.gpx,82,TrackPoint,2017-11-07 21:39:46,30.475368,-90.990329,-1.0,
new-track-11717-32746-pm.gpx,83,TrackPoint,2017-11-07 21:39:46,30.475345,-90.990328,-2.0,
new-track-11717-32746-pm.gpx,84,TrackPoint,2017-11-07 21:39:49,30.475327,-90.990344,-2.0,
new-track-11717-32746-pm.gpx,85,TrackPoint,2017-11-07 21:39:52,30.475317,-90.990397,-1.0,
new-track-11717-32746-pm.gpx,86,TrackPoint,2017-11-07 21:39:54,30.475304,-90.990413,-2.0,
new-track-11717-32746-pm.gpx,87,TrackPoint,2017-11-07 21:40:02,30.475238,-90.990447,-2.0,
new-track-11717-32746-pm.gpx,88,TrackPoint,2017-11-07 21:40:06,30.475197,-90.99048,-1.0,
new-track-11717-32746-pm.gpx,89,TrackPoint,2017-11-07 21:40:09,30.475171,-90.99048,-1.0,
new-track-11717-32746-pm.gpx,90,TrackPoint,2017-11-07 21:40:11,30.475153,-90.990493,0.0,
new-track-11717-32746-pm.gpx,91,TrackPoint,2017-11-07 21:40:15,30.475141,-90.99056,-1.0,
new-track-11717-32746-pm.gpx,92,TrackPoint,2017-11-07 21:40:21,30.475109,-90.990625,4.0,
new-track-11717-32746-pm.gpx,93,TrackPoint,2017-11-07 21:40:36,30.474968,-90.990769,8.0,
new-track-11717-32746-pm.gpx,94,TrackPoint,2017-11-07 21:40:45,30.474874,-90.990904,2.0,
new-track-11717-32746-pm.gpx,95,TrackPoint,2017-11-07 21:40:46,30.474856,-90.990948,3.0,
new-track-11717-32746-pm.gpx,96,TrackPoint,2017-11-07 21:40:48,30.474851,-90.990949,4.0,
new-track-11717-32746-pm.gpx,97,TrackPoint,2017-11-07 21:40:53,30.474827,-90.990956,3.0,
new-track-11717-32746-pm.gpx,98,TrackPoint,2017-11-07 21:40:57,30.474785,-90.990951,2.0,
new-track-11717-32746-pm.gpx,99,TrackPoint,2017-11-07 21:41:01,30.474762,-90.990965,-2.0,
new-track-11717-32746-pm.gpx,100,TrackPoint,2017-11-07 21:41:08,30.474736,-90.991041,-3.0,
new-track-11717-32746-pm.gpx,101,TrackPoint,2017-11-07 21:41:15,30.474723,-90.991127,-9.0,
new-track-11717-32746-pm.gpx,102,TrackPoint,2017-11-07 21:41:21,30.474673,-90.991204,-2.0,
new-track-11717-32746-pm.gpx,103,TrackPoint,2017-11-07 21:41:24,30.474664,-90.991237,0.0,
new-track-11717-32746-pm.gpx,104,TrackPoint,2017-11-07 21:41:26,30.474674,-90.991259,0.0,
new-track-11717-32746-pm.gpx,105,TrackPoint,2017-11-07 21:41:28,30.474672,-90.991287,-1.0,
new-track-11717-32746-pm.gpx,106,TrackPoint,2017-11-07 21:41:39,30.4746,-90.991425,-3.0,
new-track-11717-32746-pm.gpx,107,TrackPoint,2017-11-07 21:41:46,30.47452,-90.991495,-4.0,
new-track-11717-32746-pm.gpx,108,TrackPoint,2017-11-07 21:41:53,30.474431,-90.991523,-8.0,
new-track-11717-32746-pm.gpx,109,TrackPoint,2017-11-07 21:42:09,30.474344,-90.991703,-7.0,
new-track-11717-32746-pm.gpx,110,TrackPoint,2017-11-07 21:42:25,30.474161,-90.991801,-2.0,
new-track-11717-32746-pm.gpx,111,TrackPoint,2017-11-07 21:42:26,30.474152,-90.991811,-4.0,
new-track-11717-32746-pm.gpx,112,TrackPoint,2017-11-07 21:42:32,30.474098,-90.991884,-4.0,
new-track-11717-32746-pm.gpx,113,TrackPoint,2017-11-07 21:42:58,30.473936,-90.992036,-8.0,
new-track-11717-32746-pm.gpx,114,TrackPoint,2017-11-07 21:43:06,30.473956,-90.992004,-10.0,
new-track-11717-32746-pm.gpx,115,TrackPoint,2017-11-07 21:43:33,30.47392,-90.992055,-8.0,
new-track-11717-32746-pm.gpx,116,TrackPoint,2017-11-07 21:43:37,30.473874,-90.992079,-6.0,
new-track-11717-32746-pm.gpx,117,TrackPoint,2017-11-07 21:44:14,30.473877,-90.992046,-5.0,
new-track-11717-32746-pm.gpx,118,TrackPoint,2017-11-07 21:44:16,30.473896,-90.992026,-9.0,
new-track-11717-32746-pm.gpx,119,TrackPoint,2017-11-07 21:44:25,30.473912,-90.992081,-17.0,
new-track-11717-32746-pm.gpx,120,TrackPoint,2017-11-07 21:44:33,30.473881,-90.992105,-13.0,
new-track-11717-32746-pm.gpx,121,TrackPoint,2017-11-07 21:45:12,30.473872,-90.992143,-11.0,
new-track-11717-32746-pm.gpx,122,TrackPoint,2017-11-07 21:45:16,30.473835,-90.992184,-11.0,
new-track-11717-32746-pm.gpx,123,TrackPoint,2017-11-07 21:45:20,30.473797,-90.9922,-11.0,
new-track-11717-32746-pm.gpx,124,TrackPoint,2017-11-07 21:45:24,30.47376,-90.992195,-13.0,
new-track-11717-32746-pm.gpx,125,TrackPoint,2017-11-07 21:45:30,30.473699,-90.992214,-12.0,
new-track-11717-32746-pm.gpx,126,TrackPoint,2017-11-07 21:45:32,30.473685,-90.99224,-12.0,
new-track-11717-32746-pm.gpx,127,TrackPoint,2017-11-07 21:45:38,30.473607,-90.992296,-14.0,
new-track-11717-32746-pm.gpx,128,TrackPoint,2017-11-07 21:45:42,30.473555,-90.992324,-14.0,
new-track-11717-32746-pm.gpx,129,TrackPoint,2017-11-07 21:45:46,30.473518,-90.992332,-13.0,
new-track-11717-32746-pm.gpx,130,TrackPoint,2017-11-07 21:46:01,30.473405,-90.992441,-16.0,
new-track-11717-32746-pm.gpx,131,TrackPoint,2017-11-07 21:46:10,30.473291,-90.992501,-8.0,
new-track-11717-32746-pm.gpx,132,TrackPoint,2017-11-07 21:46:19,30.473159,-90.992538,-6.0,
new-track-11717-32746-pm.gpx,133,TrackPoint,2017-11-07 21:46:23,30.473093,-90.992546,-5.0,
new-track-11717-32746-pm.gpx,134,TrackPoint,2017-11-07 21:46:27,30.473055,-90.992572,-3.0,
new-track-11717-32746-pm.gpx,135,TrackPoint,2017-11-07 21:46:31,30.47303,-90.992565,-5.0,
new-track-11717-32746-pm.gpx,136,TrackPoint,2017-11-07 21:47:08,30.473051,-90.992579,-5.0,
new-track-11717-32746-pm.gpx,137,TrackPoint,2017-11-07 21:47:14,30.473057,-90.992604,-4.0,
new-track-11717-32746-pm.gpx,138,TrackPoint,2017-11-07 21:47:16,30.473051,-90.992622,-7.0,
new-track-11717-32746-pm.gpx,139,TrackPoint,2017-11-07 21:47:18,30.473036,-90.99264,-9.0,
new-track-11717-32746-pm.gpx,140,TrackPoint,2017-11-07 21:47:34,30.47299,-90.992662,-8.0,
new-track-11717-32746-pm.gpx,141,TrackPoint,2017-11-07 21:47:46,30.472974,-90.992706,-8.0,
new-track-11717-32746-pm.gpx,142,TrackPoint,2017-11-07 21:47:56,30.47298,-90.992795,-8.0,
new-track-11717-32746-pm.gpx,143,TrackPoint,2017-11-07 21:48:12,30.472966,-90.992827,-6.0,
new-track-11717-32746-pm.gpx,144,TrackPoint,2017-11-07 21:48:24,30.472937,-90.992853,-7.0,
new-track-11717-32746-pm.gpx,145,TrackPoint,2017-11-07 21:48:55,30.472936,-90.992784,-8.0,
new-track-11717-32746-pm.gpx,146,TrackPoint,2017-11-07 21:49:11,30.472926,-90.992813,-8.0,
new-track-11717-32746-pm.gpx,147,TrackPoint,2017-11-07 21:51:29,30.47293,-90.992856,-6.0,
new-track-11717-32746-pm.gpx,148,TrackPoint,2017-11-07 21:51:30,30.472929,-90.99286,-6.0,
new-track-11717-32746-pm.gpx,149,TrackPoint,2017-11-07 21:51:41,30.472955,-90.992884,-6.0,
new-track-11717-32746-pm.gpx,150,TrackPoint,2017-11-07 21:51:50,30.472988,-90.99296,-12.0,
new-track-11717-32746-pm.gpx,151,TrackPoint,2017-11-07 21:52:06,30.473009,-90.992926,-14.0,
new-track-11717-32746-pm.gpx,152,TrackPoint,2017-11-07 21:52:11,30.472993,-90.992883,-13.0,
new-track-11717-32746-pm.gpx,153,TrackPoint,2017-11-07 21:52:14,30.472964,-90.992832,-13.0,
new-track-11717-32746-pm.gpx,154,TrackPoint,2017-11-07 21:52:32,30.472929,-90.992812,-14.0,
new-track-11717-32746-pm.gpx,155,TrackPoint,2017-11-07 21:53:45,30.472892,-90.992864,4.0,
new-track-11717-32746-pm.gpx,156,TrackPoint,2017-11-07 21:56:01,30.472873,-90.992817,6.0,
new-track-11717-32746-pm.gpx,157,TrackPoint,2017-11-07 21:58:03,30.472899,-90.992816,-5.0,
new-track-11717-32746-pm.gpx,158,TrackPoint,2017-11-07 21:58:27,30.472896,-90.992857,-8.0,
new-track-11717-32746-pm.gpx,159,TrackPoint,2017-11-07 21:58:35,30.472886,-90.992884,-6.0,
new-track-11717-32746-pm.gpx,160,TrackPoint,2017-11-07 21:59:46,30.472865,-90.992898,-8.0,
new-track-11717-32746-pm.gpx,161,TrackPoint,2017-11-07 22:00:02,30.472869,-90.992874,-9.0,
new-track-11717-32746-pm.gpx,162,TrackPoint,2017-11-07 22:00:06,30.472894,-90.992833,-10.0,
new-track-11717-32746-pm.gpx,163,TrackPoint,2017-11-07 22:00:18,30.472941,-90.992817,-11.0,
new-track-11717-32746-pm.gpx,164,TrackPoint,2017-11-07 22:00:46,30.472965,-90.99282,-12.0,
new-track-11717-32746-pm.gpx,165,TrackPoint,2017-11-07 22:01:17,30.472909,-90.992882,-9.0,
new-track-11717-32746-pm.gpx,166,TrackPoint,2017-11-07 22:01:18,30.472892,-90.992888,-7.0,
new-track-11717-32746-pm.gpx,167,TrackPoint,2017-11-07 22:01:22,30.472872,-90.992855,-10.0,
new-track-11717-32746-pm.gpx,168,TrackPoint,2017-11-07 22:01:43,30.472813,-90.99287,-10.0,
new-track-11717-32746-pm.gpx,169,TrackPoint,2017-11-07 22:01:46,30.472776,-90.992897,-8.0,
new-track-11717-32746-pm.gpx,170,TrackPoint,2017-11-07 22:01:49,30.472756,-90.992896,-6.0,
new-track-11717-32746-pm.gpx,171,TrackPoint,2017-11-07 22:01:57,30.472646,-90.992826,-5.0,
new-track-11717-32746-pm.gpx,172,TrackPoint,2017-11-07 22:01:59,30.472622,-90.992816,-3.0,
new-track-11717-32746-pm.gpx,173,TrackPoint,2017-11-07 22:02:06,30.472601,-90.992823,-5.0,
new-track-11717-32746-pm.gpx,174,TrackPoint,2017-11-07 22:02:08,30.472575,-90.992809,-5.0,
new-track-11717-32746-pm.gpx,175,TrackPoint,2017-11-07 22:02:15,30.472515,-90.992741,-5.0,
new-track-11717-32746-pm.gpx,176,TrackPoint,2017-11-07 22:02:23,30.472496,-90.992694,-11.0,
new-track-11717-32746-pm.gpx,177,TrackPoint,2017-11-07 22:02:29,30.472446,-90.992701,-11.0,
new-track-11717-32746-pm.gpx,178,TrackPoint,2017-11-07 22:02:30,30.472432,-90.9927,-9.0,
new-track-11717-32746-pm.gpx,179,TrackPoint,2017-11-07 22:02:33,30.472398,-90.992682,-7.0,
new-track-11717-32746-pm.gpx,180,TrackPoint,2017-11-07 22:02:42,30.472353,-90.992699,-12.0,
new-track-11717-32746-pm.gpx,181,TrackPoint,2017-11-07 22:02:50,30.47234,-90.992689,-8.0,
new-track-11717-32746-pm.gpx,182,TrackPoint,2017-11-07 22:02:52,30.472316,-90.992702,-6.0,
new-track-11717-32746-pm.gpx,183,TrackPoint,2017-11-07 22:03:00,30.472293,-90.992686,-12.0,
new-track-11717-32746-pm.gpx,184,TrackPoint,2017-11-07 22:03:09,30.472185,-90.992666,-9.0,
new-track-11717-32746-pm.gpx,185,TrackPoint,2017-11-07 22:03:19,30.472096,-90.992615,-12.0,
new-track-11717-32746-pm.gpx,186,TrackPoint,2017-11-07 22:03:30,30.472029,-90.992519,-18.0,
new-track-11717-32746-pm.gpx,187,TrackPoint,2017-11-07 22:03:35,30.471988,-90.992514,-17.0,
new-track-11717-32746-pm.gpx,188,TrackPoint,2017-11-07 22:03:39,30.471949,-90.992485,-14.0,
new-track-11717-32746-pm.gpx,189,TrackPoint,2017-11-07 22:03:43,30.471923,-90.992479,-14.0,
new-track-11717-32746-pm.gpx,190,TrackPoint,2017-11-07 22:03:46,30.471899,-90.992502,-13.0,
new-track-11717-32746-pm.gpx,191,TrackPoint,2017-11-07 22:03:49,30.471874,-90.992556,-18.0,
new-track-11717-32746-pm.gpx,192,TrackPoint,2017-11-07 22:03:55,30.471837,-90.992569,-17.0,
new-track-11717-32746-pm.gpx,193,TrackPoint,2017-11-07 22:04:07,30.471769,-90.992625,-15.0,
new-track-11717-32746-pm.gpx,194,TrackPoint,2017-11-07 22:04:17,30.471722,-90.992628,-12.0,
new-track-11717-32746-pm.gpx,195,TrackPoint,2017-11-07 22:04:19,30.471701,-90.992598,-14.0,
new-track-11717-32746-pm.gpx,196,TrackPoint,2017-11-07 22:04:21,30.471679,-90.992589,-17.0,
new-track-11717-32746-pm.gpx,197,TrackPoint,2017-11-07 22:04:23,30.471661,-90.992594,-20.0,
new-track-11717-32746-pm.gpx,198,TrackPoint,2017-11-07 22:04:30,30.471647,-90.992633,-18.0,
new-track-11717-32746-pm.gpx,199,TrackPoint,2017-11-07 22:04:32,30.471648,-90.992673,-21.0,
new-track-11717-32746-pm.gpx,200,TrackPoint,2017-11-07 22:04:35,30.471638,-90.992696,-20.0,
new-track-11717-32746-pm.gpx,201,TrackPoint,2017-11-07 22:04:36,30.471628,-90.992697,-21.0,
new-track-11717-32746-pm.gpx,202,TrackPoint,2017-11-07 22:04:37,30.471619,-90.992704,-21.0,
new-track-11717-32746-pm.gpx,203,TrackPoint,2017-11-07 22:04:40,30.471594,-90.99273,-19.0,
new-track-11717-32746-pm.gpx,204,TrackPoint,2017-11-07 22:04:44,30.471545,-90.992748,-21.0,
new-track-11717-32746-pm.gpx,205,TrackPoint,2017-11-07 22:04:46,30.471519,-90.992779,-21.0,
new-track-11717-32746-pm.gpx,206,TrackPoint,2017-11-07 22:05:07,30.471494,-90.992788,-11.0,
new-track-11717-32746-pm.gpx,207,TrackPoint,2017-11-07 22:05:23,30.471508,-90.992708,-17.0,
new-track-11717-32746-pm.gpx,208,TrackPoint,2017-11-07 22:05:33,30.471444,-90.99272,-17.0,
new-track-11717-32746-pm.gpx,209,TrackPoint,2017-11-07 22:05:37,30.471407,-90.992787,-19.0,
new-track-11717-32746-pm.gpx,210,TrackPoint,2017-11-07 22:05:39,30.471403,-90.99282,-19.0,
new-track-11717-32746-pm.gpx,211,TrackPoint,2017-11-07 22:06:12,30.471393,-90.992792,-24.0,
new-track-11717-32746-pm.gpx,212,TrackPoint,2017-11-07 22:06:37,30.47141,-90.992775,-22.0,
new-track-11717-32746-pm.gpx,213,TrackPoint,2017-11-07 22:06:44,30.471454,-90.99276,-22.0,
new-track-11717-32746-pm.gpx,214,TrackPoint,2017-11-07 22:06:46,30.471477,-90.992756,-23.0,
new-track-11717-32746-pm.gpx,215,TrackPoint,2017-11-07 22:07:02,30.471547,-90.992791,-24.0,
new-track-11717-32746-pm.gpx,216,TrackPoint,2017-11-07 22:07:05,30.471591,-90.992774,-22.0,
new-track-11717-32746-pm.gpx,217,TrackPoint,2017-11-07 22:07:10,30.471638,-90.992725,-21.0,
new-track-11717-32746-pm.gpx,218,TrackPoint,2017-11-07 22:07:17,30.47168,-90.99266,-21.0,
new-track-11717-32746-pm.gpx,219,TrackPoint,2017-11-07 22:07:20,30.471687,-90.992635,-21.0,
new-track-11717-32746-pm.gpx,220,TrackPoint,2017-11-07 22:07:41,30.471653,-90.992601,-27.0,
new-track-11717-32746-pm.gpx,221,TrackPoint,2017-11-07 22:08:19,30.471686,-90.992643,-25.0,
new-track-11717-32746-pm.gpx,222,TrackPoint,2017-11-07 22:08:21,30.471707,-90.992648,-27.0,
new-track-11717-32746-pm.gpx,223,TrackPoint,2017-11-07 22:08:32,30.47183,-90.992608,-26.0,
new-track-11717-32746-pm.gpx,224,TrackPoint,2017-11-07 22:08:34,30.471857,-90.992608,-26.0,
new-track-11717-32746-pm.gpx,225,TrackPoint,2017-11-07 22:08:35,30.471863,-90.992617,-26.0,
new-track-11717-32746-pm.gpx,226,TrackPoint,2017-11-07 22:08:36,30.471864,-90.992624,-27.0,
new-track-11717-32746-pm.gpx,227,TrackPoint,2017-11-07 22:08:42,30.471936,-90.992643,-27.0,
new-track-11717-32746-pm.gpx,228,TrackPoint,2017-11-07 22:08:49,30.471993,-90.992677,-27.0,
new-track-11717-32746-pm.gpx,229,TrackPoint,2017-11-07 22:09:05,30.472013,-90.992627,-21.0,
new-track-11717-32746-pm.gpx,230,TrackPoint,2017-11-07 22:09:11,30.472056,-90.992639,-20.0,
new-track-11717-32746-pm.gpx,231,TrackPoint,2017-11-07 22:09:15,30.472068,-90.992667,-23.0,
new-track-11717-32746-pm.gpx,232,TrackPoint,2017-11-07 22:09:48,30.472167,-90.992677,-24.0,
new-track-11717-32746-pm.gpx,233,TrackPoint,2017-11-07 22:10:08,30.472194,-90.992624,-23.0,
new-track-11717-32746-pm.gpx,234,TrackPoint,2017-11-07 22:10:16,30.47222,-90.992618,-23.0,
new-track-11717-32746-pm.gpx,235,TrackPoint,2017-11-07 22:10:36,30.472265,-90.992637,-25.0,
new-track-11717-32746-pm.gpx,236,TrackPoint,2017-11-07 22:11:16,30.472283,-90.992624,-25.0,
new-track-11717-32746-pm.gpx,237,TrackPoint,2017-11-07 22:11:17,30.472294,-90.992633,-25.0,
new-track-11717-32746-pm.gpx,238,TrackPoint,2017-11-07 22:11:18,30.4723,-90.992661,-29.0,
new-track-11717-32746-pm.gpx,239,TrackPoint,2017-11-07 22:11:26,30.472276,-90.992666,-22.0,
new-track-11717-32746-pm.gpx,240,TrackPoint,2017-11-07 22:11:58,30.47234,-90.992719,-24.0,
new-track-11717-32746-pm.gpx,241,TrackPoint,2017-11-07 22:12:15,30.472303,-90.992676,-26.0,
new-track-11717-32746-pm.gpx,242,TrackPoint,2017-11-07 22:12:26,30.472205,-90.992659,-24.0,
new-track-11717-32746-pm.gpx,243,TrackPoint,2017-11-07 22:12:31,30.472182,-90.992675,-24.0,
new-track-11717-32746-pm.gpx,244,TrackPoint,2017-11-07 22:12:35,30.472174,-90.992725,-22.0,
new-track-11717-32746-pm.gpx,245,TrackPoint,2017-11-07 22:12:41,30.472187,-90.992775,-22.0,
new-track-11717-32746-pm.gpx,246,TrackPoint,2017-11-07 22:12:47,30.472221,-90.99282,-21.0,
new-track-11717-32746-pm.gpx,247,TrackPoint,2017-11-07 22:12:51,30.472231,-90.99287,-21.0,
new-track-11717-32746-pm.gpx,248,TrackPoint,2017-11-07 22:13:02,30.472253,-90.992851,-19.0,
new-track-11717-32746-pm.gpx,249,TrackPoint,2017-11-07 22:13:03,30.472255,-90.992851,-20.0,
new-track-11717-32746-pm.gpx,250,TrackPoint,2017-11-07 22:13:32,30.472308,-90.992892,-20.0,
new-track-11717-32746-pm.gpx,251,TrackPoint,2017-11-07 22:13:35,30.472314,-90.992921,-22.0,
new-track-11717-32746-pm.gpx,252,TrackPoint,2017-11-07 22:13:46,30.47229,-90.992975,-21.0,
new-track-11717-32746-pm.gpx,253,TrackPoint,2017-11-07 22:14:11,30.47233,-90.993019,-24.0,
new-track-11717-32746-pm.gpx,254,TrackPoint,2017-11-07 22:14:18,30.472346,-90.993062,-24.0,
new-track-11717-32746-pm.gpx,255,TrackPoint,2017-11-07 22:14:23,30.472388,-90.993077,-27.0,
new-track-11717-32746-pm.gpx,256,TrackPoint,2017-11-07 22:14:29,30.472387,-90.993109,-25.0,
new-track-11717-32746-pm.gpx,257,TrackPoint,2017-11-07 22:14:51,30.472361,-90.993114,-19.0,
new-track-11717-32746-pm.gpx,258,TrackPoint,2017-11-07 22:15:23,30.472299,-90.993015,-17.0,
new-track-11717-32746-pm.gpx,259,TrackPoint,2017-11-07 22:15:27,30.472312,-90.992994,-17.0,
new-track-11717-32746-pm.gpx,260,TrackPoint,2017-11-07 22:15:46,30.472294,-90.992973,-16.0,
new-track-11717-32746-pm.gpx,261,TrackPoint,2017-11-07 22:15:57,30.47223,-90.992812,-13.0,
new-track-11717-32746-pm.gpx,262,TrackPoint,2017-11-07 22:16:01,30.472244,-90.99277,-12.0,
new-track-11717-32746-pm.gpx,263,TrackPoint,2017-11-07 22:16:18,30.472275,-90.99276,-13.0,
new-track-11717-32746-pm.gpx,264,TrackPoint,2017-11-07 22:16:25,30.47224,-90.992737,-17.0,
new-track-11717-32746-pm.gpx,265,TrackPoint,2017-11-07 22:16:29,30.472174,-90.99267,-15.0,
new-track-11717-32746-pm.gpx,266,TrackPoint,2017-11-07 22:16:40,30.472071,-90.992632,-21.0,
new-track-11717-32746-pm.gpx,267,TrackPoint,2017-11-07 22:16:46,30.472033,-90.992607,-18.0,
new-track-11717-32746-pm.gpx,268,TrackPoint,2017-11-07 22:16:48,30.472041,-90.992642,-22.0,
new-track-11717-32746-pm.gpx,269,TrackPoint,2017-11-07 22:16:52,30.472018,-90.992647,-21.0,
new-track-11717-32746-pm.gpx,270,TrackPoint,2017-11-07 22:17:00,30.471939,-90.992548,-17.0,
new-track-11717-32746-pm.gpx,271,TrackPoint,2017-11-07 22:17:07,30.471859,-90.992505,-17.0,
new-track-11717-32746-pm.gpx,272,TrackPoint,2017-11-07 22:17:19,30.471776,-90.992611,-19.0,
new-track-11717-32746-pm.gpx,273,TrackPoint,2017-11-07 22:17:41,30.471769,-90.99264,-21.0,
new-track-11717-32746-pm.gpx,274,TrackPoint,2017-11-07 22:17:46,30.47182,-90.992674,-19.0,
new-track-11717-32746-pm.gpx,275,TrackPoint,2017-11-07 22:17:49,30.471822,-90.992675,-18.0,
new-track-11717-32746-pm.gpx,276,TrackPoint,2017-11-07 22:18:05,30.471763,-90.99266,-20.0,
new-track-11717-32746-pm.gpx,277,TrackPoint,2017-11-07 22:18:10,30.47166,-90.992703,-20.0,
new-track-11717-32746-pm.gpx,278,TrackPoint,2017-11-07 22:18:17,30.47157,-90.992695,-19.0,
new-track-11717-32746-pm.gpx,279,TrackPoint,2017-11-07 22:18:21,30.47153,-90.992716,-20.0,
new-track-11717-32746-pm.gpx,280,TrackPoint,2017-11-07 22:18:23,30.471501,-90.99271,-19.0,
new-track-11717-32746-pm.gpx,281,TrackPoint,2017-11-07 22:18:28,30.471424,-90.992722,-15.0,
new-track-11717-32746-pm.gpx,282,TrackPoint,2017-11-07 22:18:31,30.471388,-90.992713,-16.0,
new-track-11717-32746-pm.gpx,283,TrackPoint,2017-11-07 22:18:45,30.471451,-90.99277,-18.0,
new-track-11717-32746-pm.gpx,284,TrackPoint,2017-11-07 22:18:49,30.471473,-90.992759,-16.0,
new-track-11717-32746-pm.gpx,285,TrackPoint,2017-11-07 22:18:55,30.471498,-90.992767,-17.0,
new-track-11717-32746-pm.gpx,286,TrackPoint,2017-11-07 22:19:00,30.471522,-90.992753,-15.0,
new-track-11717-32746-pm.gpx,287,TrackPoint,2017-11-07 22:19:53,30.471498,-90.992747,-15.0,
new-track-11717-32746-pm.gpx,288,TrackPoint,2017-11-07 22:19:56,30.471462,-90.992782,-17.0,
new-track-11717-32746-pm.gpx,289,TrackPoint,2017-11-07 22:20:04,30.471411,-90.992775,-17.0,
new-track-11717-32746-pm.gpx,290,TrackPoint,2017-11-07 22:20:39,30.471363,-90.992839,-20.0,
new-track-11717-32746-pm.gpx,291,TrackPoint,2017-11-07 22:20:41,30.47133,-90.992854,-20.0,
new-track-11717-32746-pm.gpx,292,TrackPoint,2017-11-07 22:20:43,30.471289,-90.992851,-21.0,
new-track-11717-32746-pm.gpx,293,TrackPoint,2017-11-07 22:20:46,30.471276,-90.992869,-21.0,
new-track-11717-32746-pm.gpx,294,TrackPoint,2017-11-07 22:20:49,30.471275,-90.992914,-20.0,
new-track-11717-32746-pm.gpx,295,TrackPoint,2017-11-07 22:20:55,30.471241,-90.992987,-27.0,
new-track-11717-32746-pm.gpx,296,TrackPoint,2017-11-07 22:20:59,30.47122,-90.993006,-25.0,
new-track-11717-32746-pm.gpx,297,TrackPoint,2017-11-07 22:21:02,30.471174,-90.993018,-23.0,
new-track-11717-32746-pm.gpx,298,TrackPoint,2017-11-07 22:21:07,30.471191,-90.993024,-25.0,
new-track-11717-32746-pm.gpx,299,TrackPoint,2017-11-07 22:21:09,30.471254,-90.992982,-26.0,
new-track-11717-32746-pm.gpx,300,TrackPoint,2017-11-07 22:21:18,30.471276,-90.992918,-24.0,
new-track-11717-32746-pm.gpx,301,TrackPoint,2017-11-07 22:21:33,30.47121,-90.993074,-27.0,
new-track-11717-32746-pm.gpx,302,TrackPoint,2017-11-07 22:21:37,30.471166,-90.993128,-28.0,
new-track-11717-32746-pm.gpx,303,TrackPoint,2017-11-07 22:21:38,30.471148,-90.993138,-27.0,
new-track-11717-32746-pm.gpx,304,TrackPoint,2017-11-07 22:21:39,30.471126,-90.993147,-30.0,
new-track-11717-32746-pm.gpx,305,TrackPoint,2017-11-07 22:21:43,30.471107,-90.993195,-35.0,
new-track-11717-32746-pm.gpx,306,TrackPoint,2017-11-07 22:21:49,30.471036,-90.993201,-38.0,
new-track-11717-32746-pm.gpx,307,TrackPoint,2017-11-07 22:22:04,30.471027,-90.993316,-33.0,
new-track-11717-32746-pm.gpx,308,TrackPoint,2017-11-07 22:22:19,30.470998,-90.993289,-32.0,
new-track-11717-32746-pm.gpx,309,TrackPoint,2017-11-07 22:22:35,30.470969,-90.993298,-34.0,
new-track-11717-32746-pm.gpx,310,TrackPoint,2017-11-07 22:22:41,30.470968,-90.993255,-33.0,
new-track-11717-32746-pm.gpx,311,TrackPoint,2017-11-07 22:22:46,30.470978,-90.993232,-36.0,
new-track-11717-32746-pm.gpx,312,TrackPoint,2017-11-07 22:23:00,30.471087,-90.993261,-31.0,
new-track-11717-32746-pm.gpx,313,TrackPoint,2017-11-07 22:23:07,30.471058,-90.99326,-29.0,
new-track-11717-32746-pm.gpx,314,TrackPoint,2017-11-07 22:23:36,30.471065,-90.993233,-29.0,
new-track-11717-32746-pm.gpx,315,TrackPoint,2017-11-07 22:24:04,30.47104,-90.993237,-28.0,
new-track-11717-32746-pm.gpx,316,TrackPoint,2017-11-07 22:24:07,30.471028,-90.993212,-26.0,
new-track-11717-32746-pm.gpx,317,TrackPoint,2017-11-07 22:24:10,30.471003,-90.993201,-26.0,
new-track-11717-32746-pm.gpx,318,TrackPoint,2017-11-07 22:24:23,30.471027,-90.993194,-25.0,
new-track-11717-32746-pm.gpx,319,TrackPoint,2017-11-07 22:24:32,30.471009,-90.993172,-30.0,
new-track-11717-32746-pm.gpx,320,TrackPoint,2017-11-07 22:24:57,30.471006,-90.99315,-24.0,
new-track-11717-32746-pm.gpx,321,TrackPoint,2017-11-07 22:25:01,30.471052,-90.993109,-20.0,
new-track-11717-32746-pm.gpx,322,TrackPoint,2017-11-07 22:25:03,30.471069,-90.993074,-22.0,
new-track-11717-32746-pm.gpx,323,TrackPoint,2017-11-07 22:25:08,30.47111,-90.99303,-25.0,
new-track-11717-32746-pm.gpx,324,TrackPoint,2017-11-07 22:25:20,30.471203,-90.992965,-29.0,
new-track-11717-32746-pm.gpx,325,TrackPoint,2017-11-07 22:25:26,30.471256,-90.992891,-27.0,
new-track-11717-32746-pm.gpx,326,TrackPoint,2017-11-07 22:25:29,30.471262,-90.992859,-28.0,
new-track-11717-32746-pm.gpx,327,TrackPoint,2017-11-07 22:25:36,30.4713,-90.992805,-27.0,
new-track-11717-32746-pm.gpx,328,TrackPoint,2017-11-07 22:25:44,30.471345,-90.992788,-32.0,
new-track-11717-32746-pm.gpx,329,TrackPoint,2017-11-07 22:25:46,30.471372,-90.992793,-32.0,
new-track-11717-32746-pm.gpx,330,TrackPoint,2017-11-07 22:25:55,30.471476,-90.992772,-31.0,
new-track-11717-32746-pm.gpx,331,TrackPoint,2017-11-07 22:26:18,30.471492,-90.992826,-26.0,
new-track-11717-32746-pm.gpx,332,TrackPoint,2017-11-07 22:26:46,30.471511,-90.992848,-23.0,
new-track-11717-32746-pm.gpx,333,TrackPoint,2017-11-07 22:26:59,30.471537,-90.992827,-22.0,
new-track-11717-32746-pm.gpx,334,TrackPoint,2017-11-07 22:28:08,30.471555,-90.992874,-19.0,
new-track-11717-32746-pm.gpx,335,TrackPoint,2017-11-07 22:28:23,30.47153,-90.992864,-19.0,
new-track-11717-32746-pm.gpx,336,TrackPoint,2017-11-07 22:28:27,30.471508,-90.992822,-21.0,
new-track-11717-32746-pm.gpx,337,TrackPoint,2017-11-07 22:28:31,30.471511,-90.992766,-20.0,
new-track-11717-32746-pm.gpx,338,TrackPoint,2017-11-07 22:28:53,30.471536,-90.992778,-20.0,
new-track-11717-32746-pm.gpx,339,TrackPoint,2017-11-07 22:29:22,30.471561,-90.992767,-18.0,
new-track-11717-32746-pm.gpx,340,TrackPoint,2017-11-07 22:29:34,30.471535,-90.992789,-18.0,
new-track-11717-32746-pm.gpx,341,TrackPoint,2017-11-07 22:29:35,30.471533,-90.992789,-18.0,
new-track-11717-32746-pm.gpx,342,TrackPoint,2017-11-07 22:30:19,30.471538,-90.992759,-15.0,
new-track-11717-32746-pm.gpx,343,TrackPoint,2017-11-07 22:33:29,30.471521,-90.992736,-21.0,
new-track-11717-32746-pm.gpx,344,TrackPoint,2017-11-07 22:46:13,30.471533,-90.99272,-17.0,
new-track-11717-32746-pm.gpx,345,TrackPoint,2017-11-07 22:46:36,30.471514,-90.992766,-16.0,
new-track-11717-32746-pm.gpx,346,TrackPoint,2017-11-07 22:48:08,30.471502,-90.992738,-17.0,
new-track-11717-32746-pm.gpx,347,TrackPoint,2017-11-07 22:50:31,30.471518,-90.992762,-23.0,
new-track-11717-32746-pm.gpx,348,TrackPoint,2017-11-07 22:53:04,30.471542,-90.992757,-24.0,
new-track-11717-32746-pm.gpx,349,TrackPoint,2017-11-07 22:58:14,30.471526,-90.99274,-20.0,
new-track-11717-32746-pm.gpx,350,TrackPoint,2017-11-07 22:58:18,30.471499,-90.992742,-21.0,
new-track-11717-32746-pm.gpx,351,TrackPoint,2017-11-07 23:04:10,30.471514,-90.992763,-18.0,
new-track-11717-32746-pm.gpx,352,TrackPoint,2017-11-07 23:04:12,30.471502,-90.992785,-18.0,
new-track-11717-32746-pm.gpx,353,TrackPoint,2017-11-07 23:05:33,30.471509,-90.992758,-14.0,
new-track-11717-32746-pm.gpx,354,TrackPoint,2017-11-07 23:07:05,30.471557,-90.992736,-21.0,
new-track-11717-32746-pm.gpx,355,TrackPoint,2017-11-07 23:08:29,30.471538,-90.992717,-18.0,
new-track-11717-32746-pm.gpx,356,TrackPoint,2017-11-07 23:09:09,30.471562,-90.992727,-17.0,
new-track-11717-32746-pm.gpx,357,TrackPoint,2017-11-07 23:09:14,30.471601,-90.992703,-18.0,
new-track-11717-32746-pm.gpx,358,TrackPoint,2017-11-07 23:09:18,30.471619,-90.992679,-19.0,
new-track-11717-32746-pm.gpx,359,TrackPoint,2017-11-07 23:09:33,30.47173,-90.992647,-18.0,
new-track-11717-32746-pm.gpx,360,TrackPoint,2017-11-07 23:09:36,30.471739,-90.992621,-21.0,
new-track-11717-32746-pm.gpx,361,TrackPoint,2017-11-07 23:09:45,30.471773,-90.992584,-21.0,
new-track-11717-32746-pm.gpx,362,TrackPoint,2017-11-07 23:09:55,30.47184,-90.992581,-18.0,
new-track-11717-32746-pm.gpx,363,TrackPoint,2017-11-07 23:10:07,30.471935,-90.99253,-18.0,
new-track-11717-32746-pm.gpx,364,TrackPoint,2017-11-07 23:10:12,30.47198,-90.992526,-17.0,
new-track-11717-32746-pm.gpx,365,TrackPoint,2017-11-07 23:12:14,30.471973,-90.992498,-19.0,
new-track-11717-32746-pm.gpx,366,TrackPoint,2017-11-07 23:12:25,30.471989,-90.992521,-16.0,
new-track-11717-32746-pm.gpx,367,TrackPoint,2017-11-07 23:12:34,30.472054,-90.992549,-13.0,
new-track-11717-32746-pm.gpx,368,TrackPoint,2017-11-07 23:12:35,30.472064,-90.992557,-13.0,
new-track-11717-32746-pm.gpx,369,TrackPoint,2017-11-07 23:12:38,30.472097,-90.992572,-12.0,
new-track-11717-32746-pm.gpx,370,TrackPoint,2017-11-07 23:12:44,30.472156,-90.992571,-14.0,
new-track-11717-32746-pm.gpx,371,TrackPoint,2017-11-07 23:12:48,30.472187,-90.992611,-13.0,
new-track-11717-32746-pm.gpx,372,TrackPoint,2017-11-07 23:12:57,30.472243,-90.992652,-16.0,
new-track-11717-32746-pm.gpx,373,TrackPoint,2017-11-07 23:13:14,30.472267,-90.992655,-16.0,
new-track-11717-32746-pm.gpx,374,TrackPoint,2017-11-07 23:13:34,30.472293,-90.992682,-16.0,
new-track-11717-32746-pm.gpx,375,TrackPoint,2017-11-07 23:13:59,30.472318,-90.992674,-18.0,
new-track-11717-32746-pm.gpx,376,TrackPoint,2017-11-07 23:14:41,30.472368,-90.992677,-24.0,
new-track-11717-32746-pm.gpx,377,TrackPoint,2017-11-07 23:15:14,30.472391,-90.992691,-25.0,
new-track-11717-32746-pm.gpx,378,TrackPoint,2017-11-07 23:15:31,30.472377,-90.992663,-20.0,
new-track-11717-32746-pm.gpx,379,TrackPoint,2017-11-07 23:15:58,30.472381,-90.992693,-21.0,
new-track-11717-32746-pm.gpx,380,TrackPoint,2017-11-07 23:16:22,30.472367,-90.992667,-23.0,
new-track-11717-32746-pm.gpx,381,TrackPoint,2017-11-07 23:17:59,30.472406,-90.992694,-21.0,
new-track-11717-32746-pm.gpx,382,TrackPoint,2017-11-07 23:18:09,30.47237,-90.992662,-20.0,
new-track-11717-32746-pm.gpx,383,TrackPoint,2017-11-07 23:18:13,30.47234,-90.992611,-17.0,
new-track-11717-32746-pm.gpx,384,TrackPoint,2017-11-07 23:18:14,30.472322,-90.992608,-17.0,
new-track-11717-32746-pm.gpx,385,TrackPoint,2017-11-07 23:18:18,30.472303,-90.992628,-14.0,
new-track-11717-32746-pm.gpx,386,TrackPoint,2017-11-07 23:18:35,30.472294,-90.992614,-16.0,
new-track-11717-32746-pm.gpx,387,TrackPoint,2017-11-07 23:18:41,30.472234,-90.992612,-18.0,
new-track-11717-32746-pm.gpx,388,TrackPoint,2017-11-07 23:18:47,30.472115,-90.992588,-16.0,
new-track-11717-32746-pm.gpx,389,TrackPoint,2017-11-07 23:18:53,30.47205,-90.992596,-16.0,
new-track-11717-32746-pm.gpx,390,TrackPoint,2017-11-07 23:18:59,30.472003,-90.992589,-16.0,
new-track-11717-32746-pm.gpx,391,TrackPoint,2017-11-07 23:19:02,30.471982,-90.992577,-15.0,
new-track-11717-32746-pm.gpx,392,TrackPoint,2017-11-07 23:19:06,30.471954,-90.99258,-15.0,
new-track-11717-32746-pm.gpx,393,TrackPoint,2017-11-07 23:19:07,30.471949,-90.992584,-15.0,
new-track-11717-32746-pm.gpx,394,TrackPoint,2017-11-07 23:19:11,30.471876,-90.99261,-14.0,
new-track-11717-32746-pm.gpx,395,TrackPoint,2017-11-07 23:19:13,30.471824,-90.992612,-13.0,
new-track-11717-32746-pm.gpx,396,TrackPoint,2017-11-07 23:19:15,30.471792,-90.992594,-14.0,
new-track-11717-32746-pm.gpx,397,TrackPoint,2017-11-07 23:19:21,30.471762,-90.992556,-17.0,
new-track-11717-32746-pm.gpx,398,TrackPoint,2017-11-07 23:19:22,30.471744,-90.99256,-16.0,
new-track-11717-32746-pm.gpx,399,TrackPoint,2017-11-07 23:19:40,30.471593,-90.992662,-17.0,
new-track-11717-32746-pm.gpx,400,TrackPoint,2017-11-07 23:19:46,30.471536,-90.992656,-19.0,
new-track-11717-32746-pm.gpx,401,TrackPoint,2017-11-07 23:19:54,30.471476,-90.992695,-19.0,
new-track-11717-32746-pm.gpx,402,TrackPoint,2017-11-07 23:20:48,30.471489,-90.99272,-15.0,
new-track-11717-32746-pm.gpx,403,TrackPoint,2017-11-07 23:21:11,30.471506,-90.992707,-17.0,
new-track-11717-32746-pm.gpx,404,TrackPoint,2017-11-07 23:21:17,30.471529,-90.992722,-17.0,
new-track-11717-32746-pm.gpx,405,TrackPoint,2017-11-07 23:21:21,30.471542,-90.99277,-18.0,
new-track-11717-32746-pm.gpx,406,TrackPoint,2017-11-07 23:21:27,30.471566,-90.992774,-19.0,
new-track-11717-32746-pm.gpx,407,TrackPoint,2017-11-07 23:21:32,30.471592,-90.992684,-19.0,
new-track-11717-32746-pm.gpx,408,TrackPoint,2017-11-07 23:21:40,30.471569,-90.992668,-22.0,
new-track-11717-32746-pm.gpx,409,TrackPoint,2017-11-07 23:21:50,30.471476,-90.992732,-24.0,
new-track-11717-32746-pm.gpx,410,TrackPoint,2017-11-07 23:21:55,30.471493,-90.992712,-24.0,
new-track-11717-32746-pm.gpx,411,TrackPoint,2017-11-07 23:22:00,30.4715,-90.99264,-23.0,
new-track-11717-32746-pm.gpx,412,TrackPoint,2017-11-07 23:22:03,30.471519,-90.992649,-22.0,
new-track-11717-32746-pm.gpx,413,TrackPoint,2017-11-07 23:22:10,30.471531,-90.992675,-22.0,
new-track-11717-32746-pm.gpx,414,TrackPoint,2017-11-07 23:22:19,30.471563,-90.992696,-24.0,
new-track-11717-32746-pm.gpx,415,TrackPoint,2017-11-07 23:22:20,30.471572,-90.9927,-24.0,
new-track-11717-32746-pm.gpx,416,TrackPoint,2017-11-07 23:22:32,30.471557,-90.992717,-26.0,
new-track-11717-32746-pm.gpx,417,TrackPoint,2017-11-07 23:22:38,30.471531,-90.992717,-28.0,
new-track-11717-32746-pm.gpx,418,TrackPoint,2017-11-07 23:22:59,30.471568,-90.992731,-20.0,
new-track-11717-32746-pm.gpx,419,TrackPoint,2017-11-07 23:23:02,30.471603,-90.992726,-21.0,
new-track-11717-32746-pm.gpx,420,TrackPoint,2017-11-07 23:23:15,30.471708,-90.992665,-21.0,
new-track-11717-32746-pm.gpx,421,TrackPoint,2017-11-07 23:23:22,30.471749,-90.992651,-23.0,
new-track-11717-32746-pm.gpx,422,TrackPoint,2017-11-07 23:23:24,30.471775,-90.992613,-24.0,
new-track-11717-32746-pm.gpx,423,TrackPoint,2017-11-07 23:23:30,30.47182,-90.992592,-22.0,
new-track-11717-32746-pm.gpx,424,TrackPoint,2017-11-07 23:24:28,30.471848,-90.992547,-19.0,
new-track-11717-32746-pm.gpx,425,TrackPoint,2017-11-07 23:24:36,30.471912,-90.992533,-15.0,
new-track-11717-32746-pm.gpx,426,TrackPoint,2017-11-07 23:24:43,30.471976,-90.992553,-15.0,
new-track-11717-32746-pm.gpx,427,TrackPoint,2017-11-07 23:24:53,30.472088,-90.992563,-14.0,
new-track-11717-32746-pm.gpx,428,TrackPoint,2017-11-07 23:25:05,30.472154,-90.992598,-16.0,
new-track-11717-32746-pm.gpx,429,TrackPoint,2017-11-07 23:25:08,30.472178,-90.992589,-15.0,
new-track-11717-32746-pm.gpx,430,TrackPoint,2017-11-07 23:25:15,30.472237,-90.992629,-17.0,
new-track-11717-32746-pm.gpx,431,TrackPoint,2017-11-07 23:25:39,30.472234,-90.992659,-16.0,
new-track-11717-32746-pm.gpx,432,TrackPoint,2017-11-07 23:25:55,30.472274,-90.992678,-14.0,
new-track-11717-32746-pm.gpx,433,TrackPoint,2017-11-07 23:27:54,30.472273,-90.992618,-25.0,
new-track-11717-32746-pm.gpx,434,TrackPoint,2017-11-07 23:28:54,30.472364,-90.992658,-25.0,
new-track-11717-32746-pm.gpx,435,TrackPoint,2017-11-07 23:29:01,30.472348,-90.992679,-21.0,
new-track-11717-32746-pm.gpx,436,TrackPoint,2017-11-07 23:29:07,30.472359,-90.992699,-19.0,
new-track-11717-32746-pm.gpx,437,TrackPoint,2017-11-07 23:29:27,30.472379,-90.992674,-22.0,
new-track-11717-32746-pm.gpx,438,TrackPoint,2017-11-07 23:29:28,30.472379,-90.992673,-23.0,
new-track-11717-32746-pm.gpx,439,TrackPoint,2017-11-07 23:29:31,30.472397,-90.99268,-23.0,
new-track-11717-32746-pm.gpx,440,TrackPoint,2017-11-07 23:31:07,30.472374,-90.992695,-23.0,
new-track-11717-32746-pm.gpx,441,TrackPoint,2017-11-07 23:31:20,30.472397,-90.992678,-22.0,
new-track-11717-32746-pm.gpx,442,TrackPoint,2017-11-07 23:31:33,30.472468,-90.992667,-21.0,
new-track-11717-32746-pm.gpx,443,TrackPoint,2017-11-07 23:31:36,30.472487,-90.992675,-21.0,
new-track-11717-32746-pm.gpx,444,TrackPoint,2017-11-07 23:31:57,30.472534,-90.99267,-21.0,
new-track-11717-32746-pm.gpx,445,TrackPoint,2017-11-07 23:32:05,30.472559,-90.992683,-20.0,
new-track-11717-32746-pm.gpx,446,TrackPoint,2017-11-07 23:32:09,30.472582,-90.992719,-20.0,
new-track-11717-32746-pm.gpx,447,TrackPoint,2017-11-07 23:32:13,30.472617,-90.99275,-21.0,
new-track-11717-32746-pm.gpx,448,TrackPoint,2017-11-07 23:32:17,30.472628,-90.992777,-19.0,
new-track-11717-32746-pm.gpx,449,TrackPoint,2017-11-07 23:32:23,30.472679,-90.992804,-18.0,
new-track-11717-32746-pm.gpx,450,TrackPoint,2017-11-07 23:32:32,30.472727,-90.992885,-17.0,
new-track-11717-32746-pm.gpx,451,TrackPoint,2017-11-07 23:32:34,30.472745,-90.992904,-16.0,
new-track-11717-32746-pm.gpx,452,TrackPoint,2017-11-07 23:32:38,30.472771,-90.992906,-14.0,
new-track-11717-32746-pm.gpx,453,TrackPoint,2017-11-07 23:32:43,30.472794,-90.992895,-13.0,
new-track-11717-32746-pm.gpx,454,TrackPoint,2017-11-07 23:32:47,30.4728,-90.992875,-13.0,
new-track-11717-32746-pm.gpx,455,TrackPoint,2017-11-07 23:32:50,30.472819,-90.992862,-11.0,
new-track-11717-32746-pm.gpx,456,TrackPoint,2017-11-07 23:33:01,30.472889,-90.992838,-11.0,
new-track-11717-32746-pm.gpx,457,TrackPoint,2017-11-07 23:33:07,30.472901,-90.992773,-12.0,
new-track-11717-32746-pm.gpx,458,TrackPoint,2017-11-07 23:33:12,30.472942,-90.99272,-11.0,
new-track-11717-32746-pm.gpx,459,TrackPoint,2017-11-07 23:33:17,30.472955,-90.992675,-11.0,
new-track-11717-32746-pm.gpx,460,TrackPoint,2017-11-07 23:33:22,30.473003,-90.992622,-8.0,
new-track-11717-32746-pm.gpx,461,TrackPoint,2017-11-07 23:33:27,30.473057,-90.992585,-8.0,
new-track-11717-32746-pm.gpx,462,TrackPoint,2017-11-07 23:33:29,30.473092,-90.992576,-8.0,
new-track-11717-32746-pm.gpx,463,TrackPoint,2017-11-07 23:33:30,30.473103,-90.992573,-8.0,
new-track-11717-32746-pm.gpx,464,TrackPoint,2017-11-07 23:33:38,30.473168,-90.992536,-11.0,
new-track-11717-32746-pm.gpx,465,TrackPoint,2017-11-07 23:33:42,30.473239,-90.992522,-8.0,
new-track-11717-32746-pm.gpx,466,TrackPoint,2017-11-07 23:33:51,30.473261,-90.99251,-8.0,
new-track-11717-32746-pm.gpx,467,TrackPoint,2017-11-07 23:33:56,30.473303,-90.992512,-9.0,
new-track-11717-32746-pm.gpx,468,TrackPoint,2017-11-07 23:34:05,30.473407,-90.992462,-7.0,
new-track-11717-32746-pm.gpx,469,TrackPoint,2017-11-07 23:34:10,30.473442,-90.992457,-7.0,
new-track-11717-32746-pm.gpx,470,TrackPoint,2017-11-07 23:34:25,30.473576,-90.992317,-6.0,
new-track-11717-32746-pm.gpx,471,TrackPoint,2017-11-07 23:34:27,30.4736,-90.99231,-8.0,
new-track-11717-32746-pm.gpx,472,TrackPoint,2017-11-07 23:34:30,30.473642,-90.992318,-10.0,
new-track-11717-32746-pm.gpx,473,TrackPoint,2017-11-07 23:34:33,30.47368,-90.992284,-9.0,
new-track-11717-32746-pm.gpx,474,TrackPoint,2017-11-07 23:34:35,30.473694,-90.992258,-10.0,
new-track-11717-32746-pm.gpx,475,TrackPoint,2017-11-07 23:36:03,30.473766,-90.992249,-18.0,
new-track-11717-32746-pm.gpx,476,TrackPoint,2017-11-07 23:36:23,30.473761,-90.992196,-24.0,
new-track-11717-32746-pm.gpx,477,TrackPoint,2017-11-07 23:36:33,30.473793,-90.992163,-16.0,
new-track-11717-32746-pm.gpx,478,TrackPoint,2017-11-07 23:36:36,30.473795,-90.992135,-14.0,
new-track-11717-32746-pm.gpx,479,TrackPoint,2017-11-07 23:36:39,30.473809,-90.992115,-13.0,
new-track-11717-32746-pm.gpx,480,TrackPoint,2017-11-07 23:36:48,30.473896,-90.992071,-10.0,
new-track-11717-32746-pm.gpx,481,TrackPoint,2017-11-07 23:36:53,30.473926,-90.99203,-7.0,
new-track-11717-32746-pm.gpx,482,TrackPoint,2017-11-07 23:36:54,30.473928,-90.992024,-6.0,
new-track-11717-32746-pm.gpx,483,TrackPoint,2017-11-07 23:37:14,30.474087,-90.991859,-6.0,
new-track-11717-32746-pm.gpx,484,TrackPoint,2017-11-07 23:37:21,30.474087,-90.991828,-6.0,
new-track-11717-32746-pm.gpx,485,TrackPoint,2017-11-07 23:37:41,30.474178,-90.991786,-4.0,
new-track-11717-32746-pm.gpx,486,TrackPoint,2017-11-07 23:37:46,30.474196,-90.991756,-6.0,
new-track-11717-32746-pm.gpx,487,TrackPoint,2017-11-07 23:37:49,30.47424,-90.991729,-3.0,
new-track-11717-32746-pm.gpx,488,TrackPoint,2017-11-07 23:38:03,30.474332,-90.991596,5.0,
new-track-11717-32746-pm.gpx,489,TrackPoint,2017-11-07 23:38:08,30.474378,-90.991578,9.0,
new-track-11717-32746-pm.gpx,490,TrackPoint,2017-11-07 23:38:15,30.474433,-90.991495,7.0,
new-track-11717-32746-pm.gpx,491,TrackPoint,2017-11-07 23:38:19,30.474472,-90.991468,6.0,
new-track-11717-32746-pm.gpx,492,TrackPoint,2017-11-07 23:38:21,30.474497,-90.991464,4.0,
new-track-11717-32746-pm.gpx,493,TrackPoint,2017-11-07 23:38:24,30.474514,-90.991446,4.0,
new-track-11717-32746-pm.gpx,494,TrackPoint,2017-11-07 23:38:27,30.474534,-90.991399,2.0,
new-track-11717-32746-pm.gpx,495,TrackPoint,2017-11-07 23:38:33,30.474579,-90.991354,1.0,
new-track-11717-32746-pm.gpx,496,TrackPoint,2017-11-07 23:38:37,30.474595,-90.991303,3.0,
new-track-11717-32746-pm.gpx,497,TrackPoint,2017-11-07 23:38:40,30.474589,-90.991276,4.0,
new-track-11717-32746-pm.gpx,498,TrackPoint,2017-11-07 23:38:45,30.474633,-90.991222,0.0,
new-track-11717-32746-pm.gpx,499,TrackPoint,2017-11-07 23:38:46,30.474647,-90.991202,0.0,
new-track-11717-32746-pm.gpx,500,TrackPoint,2017-11-07 23:38:55,30.474742,-90.99108,-1.0,
new-track-11717-32746-pm.gpx,501,TrackPoint,2017-11-07 23:38:58,30.474762,-90.991041,-1.0,
new-track-11717-32746-pm.gpx,502,TrackPoint,2017-11-07 23:39:04,30.474823,-90.990977,-2.0,
new-track-11717-32746-pm.gpx,503,TrackPoint,2017-11-07 23:39:25,30.475046,-90.990793,-3.0,
new-track-11717-32746-pm.gpx,504,TrackPoint,2017-11-07 23:39:28,30.475065,-90.990752,-4.0,
new-track-11717-32746-pm.gpx,505,TrackPoint,2017-11-07 23:39:32,30.475067,-90.990719,-5.0,
new-track-11717-32746-pm.gpx,506,TrackPoint,2017-11-07 23:39:36,30.475103,-90.990684,-4.0,
new-track-11717-32746-pm.gpx,507,TrackPoint,2017-11-07 23:39:47,30.475149,-90.990596,-4.0,
new-track-11717-32746-pm.gpx,508,TrackPoint,2017-11-07 23:39:53,30.475212,-90.990538,-9.0,
new-track-11717-32746-pm.gpx,509,TrackPoint,2017-11-07 23:39:58,30.475229,-90.990474,-8.0,
new-track-11717-32746-pm.gpx,510,TrackPoint,2017-11-07 23:40:00,30.47525,-90.990435,-5.0,
new-track-11717-32746-pm.gpx,511,TrackPoint,2017-11-07 23:40:01,30.475258,-90.990421,-6.0,
new-track-11717-32746-pm.gpx,512,TrackPoint,2017-11-07 23:40:06,30.475303,-90.990321,-6.0,
new-track-11717-32746-pm.gpx,513,TrackPoint,2017-11-07 23:40:15,30.475392,-90.990229,-7.0,
new-track-11717-32746-pm.gpx,514,TrackPoint,2017-11-07 23:40:17,30.475415,-90.990223,-6.0,
new-track-11717-32746-pm.gpx,515,TrackPoint,2017-11-07 23:40:21,30.47546,-90.99023,-5.0,
new-track-11717-32746-pm.gpx,516,TrackPoint,2017-11-07 23:40:25,30.475479,-90.990218,-3.0,
new-track-11717-32746-pm.gpx,517,TrackPoint,2017-11-07 23:40:27,30.475471,-90.990193,-5.0,
new-track-11717-32746-pm.gpx,518,TrackPoint,2017-11-07 23:40:37,30.475499,-90.990153,-6.0,
new-track-11717-32746-pm.gpx,519,TrackPoint,2017-11-07 23:40:44,30.475527,-90.990071,-5.0,
new-track-11717-32746-pm.gpx,520,TrackPoint,2017-11-07 23:40:49,30.475528,-90.990018,-8.0,
new-track-11717-32746-pm.gpx,521,TrackPoint,2017-11-07 23:41:00,30.47555,-90.989938,-9.0,
new-track-11717-32746-pm.gpx,522,TrackPoint,2017-11-07 23:41:04,30.47559,-90.989905,-8.0,
new-track-11717-32746-pm.gpx,523,TrackPoint,2017-11-07 23:41:12,30.475646,-90.989819,-5.0,
new-track-11717-32746-pm.gpx,524,TrackPoint,2017-11-07 23:41:16,30.475662,-90.989767,-5.0,
new-track-11717-32746-pm.gpx,525,TrackPoint,2017-11-07 23:41:28,30.475693,-90.989726,-5.0,
new-track-11717-32746-pm.gpx,526,TrackPoint,2017-11-07 23:41:37,30.475717,-90.989646,-3.0,
new-track-11717-32746-pm.gpx,527,TrackPoint,2017-11-07 23:41:41,30.475748,-90.989596,-5.0,
new-track-11717-32746-pm.gpx,528,TrackPoint,2017-11-07 23:41:49,30.475763,-90.989518,-3.0,
new-track-11717-32746-pm.gpx,529,TrackPoint,2017-11-07 23:41:50,30.475766,-90.989503,-4.0,
new-track-11717-32746-pm.gpx,530,TrackPoint,2017-11-07 23:42:01,30.475784,-90.989474,-8.0,
new-track-11717-32746-pm.gpx,531,TrackPoint,2017-11-07 23:42:20,30.475806,-90.989394,-5.0,
new-track-11717-32746-pm.gpx,532,TrackPoint,2017-11-07 23:42:26,30.475872,-90.989366,-9.0,
new-track-11717-32746-pm.gpx,533,TrackPoint,2017-11-07 23:42:34,30.475922,-90.989375,-11.0,
new-track-11717-32746-pm.gpx,534,TrackPoint,2017-11-07 23:42:42,30.475986,-90.989321,-9.0,
new-track-11717-32746-pm.gpx,535,TrackPoint,2017-11-07 23:42:47,30.476077,-90.98927,-7.0,
new-track-11717-32746-pm.gpx,536,TrackPoint,2017-11-07 23:42:59,30.476121,-90.989267,-6.0,
new-track-11717-32746-pm.gpx,537,TrackPoint,2017-11-07 23:43:05,30.476174,-90.989225,-8.0,
new-track-11717-32746-pm.gpx,538,TrackPoint,2017-11-07 23:43:13,30.47616,-90.9892,-8.0,
new-track-11717-32746-pm.gpx,539,TrackPoint,2017-11-07 23:43:19,30.476186,-90.989134,-10.0,
new-track-11717-32746-pm.gpx,540,TrackPoint,2017-11-07 23:43:24,30.476174,-90.989092,-10.0,
new-track-11717-32746-pm.gpx,541,TrackPoint,2017-11-07 23:43:26,30.476184,-90.989067,-9.0,
new-track-11717-32746-pm.gpx,542,TrackPoint,2017-11-07 23:43:32,30.476254,-90.989013,-10.0,
new-track-11717-32746-pm.gpx,543,TrackPoint,2017-11-07 23:43:34,30.476256,-90.988988,-12.0,
new-track-11717-32746-pm.gpx,544,TrackPoint,2017-11-07 23:43:44,30.476236,-90.988877,-9.0,
new-track-11717-32746-pm.gpx,545,TrackPoint,2017-11-07 23:43:49,30.47625,-90.988853,-11.0,
new-track-11717-32746-pm.gpx,546,TrackPoint,2017-11-07 23:44:11,30.476243,-90.988717,-9.0,
new-track-11717-32746-pm.gpx,547,TrackPoint,2017-11-07 23:44:13,30.476236,-90.988693,-10.0,
new-track-11717-32746-pm.gpx,548,TrackPoint,2017-11-07 23:44:21,30.476202,-90.988671,-7.0,
new-track-11717-32746-pm.gpx,549,TrackPoint,2017-11-07 23:44:24,30.476192,-90.988638,-7.0,
new-track-11717-32746-pm.gpx,550,TrackPoint,2017-11-07 23:44:25,30.476191,-90.98862,-7.0,
new-track-11717-32746-pm.gpx,551,TrackPoint,2017-11-07 23:44:34,30.476182,-90.988489,-6.0,
new-track-11717-32746-pm.gpx,552,TrackPoint,2017-11-07 23:44:44,30.476129,-90.988401,-6.0,
new-track-11717-32746-pm.gpx,553,TrackPoint,2017-11-07 23:44:58,30.47606,-90.988247,-8.0,
new-track-11717-32746-pm.gpx,554,TrackPoint,2017-11-07 23:45:03,30.476062,-90.988216,-6.0,
new-track-11717-32746-pm.gpx,555,TrackPoint,2017-11-07 23:45:19,30.476098,-90.988174,-6.0,
new-track-11717-32746-pm.gpx,556,TrackPoint,2017-11-07 23:45:24,30.476085,-90.98816,-9.0,
new-track-11717-32746-pm.gpx,557,TrackPoint,2017-11-07 23:45:30,30.476093,-90.988135,-9.0,
new-track-11717-32746-pm.gpx,558,TrackPoint,2017-11-07 23:45:34,30.476112,-90.988116,-11.0,
new-track-11717-32746-pm.gpx,559,TrackPoint,2017-11-07 23:46:01,30.476163,-90.988135,-15.0,
new-track-11717-32746-pm.gpx,560,TrackPoint,2017-11-07 23:47:48,30.476138,-90.988125,-13.0,
new-track-11717-32746-pm.gpx,561,TrackPoint,2017-11-07 23:48:02,30.476142,-90.988098,-14.0,
new-track-11717-32746-pm.gpx,562,TrackPoint,2017-11-07 23:48:20,30.476132,-90.98807,-19.0,
new-track-11717-32746-pm.gpx,563,TrackPoint,2017-11-07 23:48:28,30.476109,-90.988076,-19.0,
new-track-11717-32746-pm.gpx,564,TrackPoint,2017-11-07 23:49:14,30.476113,-90.988103,-11.0,
new-track-11717-32746-pm.gpx,565,TrackPoint,2017-11-07 23:49:36,30.476138,-90.988116,-16.0,
new-track-11717-32746-pm.gpx,566,TrackPoint,2017-11-07 23:51:36,30.476124,-90.988085,-13.0,
